﻿<?xml version="1.0" encoding="utf-8"?>
<doc>
  <assembly>
    <name>Microsoft.AspNet.FriendlyUrls</name>
  </assembly>
  <members>
    <member name="T:Microsoft.AspNet.FriendlyUrls.FriendlyUrl"></member>
    <member name="M:Microsoft.AspNet.FriendlyUrls.FriendlyUrl.Href(System.String,System.Object[])"></member>
    <member name="M:Microsoft.AspNet.FriendlyUrls.FriendlyUrl.Resolve(System.String)">
      <summary> Rozpoznaje ścieżkę wirtualną programu obsługi plików jako przyjazny adres URL za pomocą zarejestrowanych mechanizmów rozpoznawania. </summary>
      <returns>Przyjazny adres URL.</returns>
      <param name="virtualPath">Ścieżka wirtualna programu obsługi.</param>
    </member>
    <member name="P:Microsoft.AspNet.FriendlyUrls.FriendlyUrl.Segments">
      <summary> Segmenty adresu URL pozostawione po zamapowaniu tego żądania przez przyjazne adresy URL na plik. </summary>
    </member>
    <member name="T:Microsoft.AspNet.FriendlyUrls.FriendlyUrlSettings">
      <summary>Reprezentuje ustawienia używane w przypadku włączania przyjaznych adresów URL.</summary>
    </member>
    <member name="M:Microsoft.AspNet.FriendlyUrls.FriendlyUrlSettings.#ctor">
      <summary>Tworzy nowe wystąpienie klasy FriendlyUrlSettings z wartościami domyślnymi.</summary>
    </member>
    <member name="P:Microsoft.AspNet.FriendlyUrls.FriendlyUrlSettings.AutoRedirectMode">
      <summary>Typ przekierowania do wykonania dla innych niż przyjazne adresów URL do przyjaznych adresów URL. Wartość domyślna to Off (wyłączone).</summary>
    </member>
    <member name="P:Microsoft.AspNet.FriendlyUrls.FriendlyUrlSettings.ResolverCachingMode"></member>
    <member name="P:Microsoft.AspNet.FriendlyUrls.FriendlyUrlSettings.SwitchViewRouteName">
      <summary>Nazwa trasy obsługującej żądania użytkowników dotyczące przełączania widoków. Wartość domyślna to AspNet.FriendlyUrls.SwitchView.</summary>
    </member>
    <member name="P:Microsoft.AspNet.FriendlyUrls.FriendlyUrlSettings.SwitchViewUrl">
      <summary>Adres URL, na który są wysyłane żądania przełączania widoków. Wartość domyślna to __FriendlyUrls_SwitchView/{view}.</summary>
    </member>
    <member name="T:Microsoft.AspNet.FriendlyUrls.HttpRequestExtensions">
      <summary>Udostępnia metody rozszerzenia dla przyjaznych adresów URL.</summary>
    </member>
    <member name="M:Microsoft.AspNet.FriendlyUrls.HttpRequestExtensions.GetFriendlyUrlFileExtension(System.Web.HttpRequest)">
      <summary> Zwraca rozszerzenie pliku, na który przyjazne adresy URL zamapowały to żądanie. </summary>
      <returns>Rozszerzenie pliku, np. aspx.</returns>
      <param name="httpRequest">Obiekt HttpRequest.</param>
    </member>
    <member name="M:Microsoft.AspNet.FriendlyUrls.HttpRequestExtensions.GetFriendlyUrlFileExtension(System.Web.HttpRequestBase)">
      <summary> Zwraca rozszerzenie pliku, na który przyjazne adresy URL zamapowały to żądanie. </summary>
      <returns>Rozszerzenie pliku, np. aspx.</returns>
      <param name="httpRequest">Obiekt HttpRequestBase.</param>
    </member>
    <member name="M:Microsoft.AspNet.FriendlyUrls.HttpRequestExtensions.GetFriendlyUrlFileVirtualPath(System.Web.HttpRequest)">
      <summary> Zwraca ścieżkę wirtualną pliku, na który przyjazne adresy URL zamapowały to żądanie. </summary>
      <returns>Ścieżka wirtualna pliku.</returns>
      <param name="httpRequest">Obiekt HttpRequest.</param>
    </member>
    <member name="M:Microsoft.AspNet.FriendlyUrls.HttpRequestExtensions.GetFriendlyUrlFileVirtualPath(System.Web.HttpRequestBase)">
      <summary> Zwraca ścieżkę wirtualną pliku, na który przyjazne adresy URL zamapowały to żądanie. </summary>
      <returns>Ścieżka wirtualna pliku.</returns>
      <param name="httpRequest">Obiekt HttpRequestBase.</param>
    </member>
    <member name="M:Microsoft.AspNet.FriendlyUrls.HttpRequestExtensions.GetFriendlyUrlSegments(System.Web.HttpRequest)">
      <summary> Zwraca segmenty adresu URL pozostawione po zamapowaniu tego żądania przez przyjazne adresy URL na plik. </summary>
      <returns>Segmenty adresu URL.</returns>
      <param name="httpRequest">Obiekt HttpRequest.</param>
    </member>
    <member name="M:Microsoft.AspNet.FriendlyUrls.HttpRequestExtensions.GetFriendlyUrlSegments(System.Web.HttpRequestBase)">
      <summary> Zwraca segmenty adresu URL pozostawione po zamapowaniu tego żądania przez przyjazne adresy URL na plik. </summary>
      <returns>Segmenty adresu URL.</returns>
      <param name="httpRequest">Obiekt HttpRequestBase.</param>
    </member>
    <member name="T:Microsoft.AspNet.FriendlyUrls.PreApplicationStartCode"></member>
    <member name="M:Microsoft.AspNet.FriendlyUrls.PreApplicationStartCode.Start"></member>
    <member name="T:Microsoft.AspNet.FriendlyUrls.RedirectMode">
      <summary>Reprezentuje tryb przekierowania do użycia podczas automatycznego przekierowywania przyjaznych adresów URL.</summary>
    </member>
    <member name="F:Microsoft.AspNet.FriendlyUrls.RedirectMode.Permanent">
      <summary>Wykonuje przekierowanie trwałe (kod odpowiedzi 301).</summary>
    </member>
    <member name="F:Microsoft.AspNet.FriendlyUrls.RedirectMode.Temporary">
      <summary>Wykonuje przekierowanie tymczasowe (kod odpowiedzi 302).</summary>
    </member>
    <member name="F:Microsoft.AspNet.FriendlyUrls.RedirectMode.Off">
      <summary>Nie wykonuje żadnego przekierowania automatycznego (wyłączone).</summary>
    </member>
    <member name="T:Microsoft.AspNet.FriendlyUrls.ResolverCachingMode"></member>
    <member name="F:Microsoft.AspNet.FriendlyUrls.ResolverCachingMode.Static">
      <summary />
    </member>
    <member name="F:Microsoft.AspNet.FriendlyUrls.ResolverCachingMode.Dynamic">
      <summary />
    </member>
    <member name="F:Microsoft.AspNet.FriendlyUrls.ResolverCachingMode.Disabled">
      <summary />
    </member>
    <member name="T:Microsoft.AspNet.FriendlyUrls.RouteCollectionExtensions"></member>
    <member name="M:Microsoft.AspNet.FriendlyUrls.RouteCollectionExtensions.EnableFriendlyUrls(System.Web.Routing.RouteCollection)">
      <summary> Włącza przyjazne adresy URL dla stron formularzy sieci Web. </summary>
      <param name="routes">Kolekcja tras.</param>
    </member>
    <member name="M:Microsoft.AspNet.FriendlyUrls.RouteCollectionExtensions.EnableFriendlyUrls(System.Web.Routing.RouteCollection,Microsoft.AspNet.FriendlyUrls.FriendlyUrlSettings)">
      <summary>Włącza przyjazne adresy URL dla stron formularzy sieci Web.</summary>
      <param name="routes">Kolekcja tras.</param>
      <param name="settings">Ustawienia, jakich należy użyć podczas włączania przyjaznych adresów URL.</param>
    </member>
    <member name="M:Microsoft.AspNet.FriendlyUrls.RouteCollectionExtensions.EnableFriendlyUrls(System.Web.Routing.RouteCollection,Microsoft.AspNet.FriendlyUrls.FriendlyUrlSettings,Microsoft.AspNet.FriendlyUrls.Resolvers.IFriendlyUrlResolver[])">
      <summary> Włącza przyjazne adresy URL przy użyciu przekazanych mechanizmów rozpoznawania. </summary>
      <param name="routes">Kolekcja tras.</param>
      <param name="settings">Ustawienia, jakich należy użyć podczas włączania przyjaznych adresów URL.</param>
      <param name="resolvers">Mechanizmy rozpoznawania przyjaznych adresów URL, jakich należy użyć.</param>
    </member>
    <member name="M:Microsoft.AspNet.FriendlyUrls.RouteCollectionExtensions.EnableFriendlyUrls(System.Web.Routing.RouteCollection,Microsoft.AspNet.FriendlyUrls.Resolvers.IFriendlyUrlResolver[])">
      <summary> Włącza przyjazne adresy URL przy użyciu określonych mechanizmów rozpoznawania. </summary>
      <param name="routes">Kolekcja tras.</param>
      <param name="resolvers">Mechanizmy rozpoznawania przyjaznych adresów URL, jakich należy użyć.</param>
    </member>
    <member name="T:Microsoft.AspNet.FriendlyUrls.Resolvers.FriendlyUrlResolver">
      <summary>Rozpoznaje przyjazny adres URL jako program obsługi HTTP.</summary>
    </member>
    <member name="M:Microsoft.AspNet.FriendlyUrls.Resolvers.FriendlyUrlResolver.#ctor(System.String)">
      <summary>Tworzy element FriendlyUrlResolver dla udostępnionego rozszerzenia.</summary>
      <param name="fileExtension">Rozszerzenie pliku fizycznego rozpoznawane przez ten mechanizm rozpoznawania. Musi być poprzedzone kropką, np. „.aspx”.</param>
    </member>
    <member name="M:Microsoft.AspNet.FriendlyUrls.Resolvers.FriendlyUrlResolver.ConvertToFriendlyUrl(System.String)">
      <summary>Konwertuje typowy adres URL z rozszerzeniem na przyjazny adres URL bez rozszerzenia.</summary>
      <returns>Przyjazny adres URL (bez rozszerzenia), jeśli ten mechanizm rozpoznawania może automatycznie mapować adresy URL bez rozszerzeń na pliki fizyczne z podanym rozszerzeniem. W przeciwnym razie wartość null.</returns>
      <param name="path">Oryginalna ścieżka z rozszerzeniem pliku.</param>
    </member>
    <member name="M:Microsoft.AspNet.FriendlyUrls.Resolvers.FriendlyUrlResolver.GetExtensions(System.Web.HttpContextBase)">
      <summary>Pobiera rozszerzenia do użycia podczas próby rozpoznania programu obsługi HTTP z przyjaznego adresu URL, np. aspx, ashx lub mobile.aspx.</summary>
      <returns>Lista rozszerzeń.</returns>
      <param name="httpContext">Bieżący element HttpContext.</param>
    </member>
    <member name="M:Microsoft.AspNet.FriendlyUrls.Resolvers.FriendlyUrlResolver.PreprocessRequest(System.Web.HttpContextBase,System.Web.IHttpHandler)"></member>
    <member name="T:Microsoft.AspNet.FriendlyUrls.Resolvers.GenericHandlerFriendlyUrlResolver">
      <summary>Rozpoznaje przyjazne adresy URL jako ogólne programy obsługi, na przykład *.ashx.</summary>
    </member>
    <member name="M:Microsoft.AspNet.FriendlyUrls.Resolvers.GenericHandlerFriendlyUrlResolver.#ctor"></member>
    <member name="T:Microsoft.AspNet.FriendlyUrls.Resolvers.IFriendlyUrlResolver"></member>
    <member name="M:Microsoft.AspNet.FriendlyUrls.Resolvers.IFriendlyUrlResolver.ConvertToFriendlyUrl(System.String)"></member>
    <member name="M:Microsoft.AspNet.FriendlyUrls.Resolvers.IFriendlyUrlResolver.GetExtensions(System.Web.HttpContextBase)"></member>
    <member name="M:Microsoft.AspNet.FriendlyUrls.Resolvers.IFriendlyUrlResolver.PreprocessRequest(System.Web.HttpContextBase,System.Web.IHttpHandler)"></member>
    <member name="T:Microsoft.AspNet.FriendlyUrls.Resolvers.WebFormsFriendlyUrlResolver">
      <summary>Rozpoznaje przyjazne adresy URL jako strony formularzy sieci Web.</summary>
    </member>
    <member name="M:Microsoft.AspNet.FriendlyUrls.Resolvers.WebFormsFriendlyUrlResolver.#ctor"></member>
    <member name="M:Microsoft.AspNet.FriendlyUrls.Resolvers.WebFormsFriendlyUrlResolver.GetExtensions(System.Web.HttpContextBase)">
      <returns>Zwraca wartość <see cref="T:System.Collections.Generic.IList`1" />.</returns>
    </member>
    <member name="M:Microsoft.AspNet.FriendlyUrls.Resolvers.WebFormsFriendlyUrlResolver.IsMobileExtension(System.Web.HttpContextBase,System.String)">
      <returns>Zwraca wartość <see cref="T:System.Boolean" />.</returns>
    </member>
    <member name="M:Microsoft.AspNet.FriendlyUrls.Resolvers.WebFormsFriendlyUrlResolver.IsMobileView(System.Web.HttpContextBase)">
      <summary>Określa, czy bieżący przyjazny adres URL został rozpoznany jako widok dla urządzeń przenośnych (na podstawie przeglądarki klienta i/lub przesłonięć).</summary>
      <returns>Określa, czy bieżący widok jest widokiem dla urządzeń przenośnych.</returns>
      <param name="httpContext">Strona.</param>
    </member>
    <member name="M:Microsoft.AspNet.FriendlyUrls.Resolvers.WebFormsFriendlyUrlResolver.PreprocessRequest(System.Web.HttpContextBase,System.Web.IHttpHandler)"></member>
    <member name="M:Microsoft.AspNet.FriendlyUrls.Resolvers.WebFormsFriendlyUrlResolver.TrySetMasterPageFile(System.Web.UI.Page,System.String)">
      <summary>Próbuje ustawić właściwość MasterPageFile dla danej strony na podstawie tego, czy istnieje strona wzorcowa.</summary>
      <returns>Wartość logiczna określająca, czy strona wzorcowa została ustawiona.</returns>
      <param name="page">Strona.</param>
      <param name="masterPageFile">Ścieżka wirtualna pliku strony wzorcowej.</param>
    </member>
    <member name="M:Microsoft.AspNet.FriendlyUrls.Resolvers.WebFormsFriendlyUrlResolver.TrySetMobileMasterPage(System.Web.HttpContextBase,System.Web.UI.Page,System.String)">
      <summary>Próbuje ustawić właściwość MasterPageFile dla danej strony jako stronę wzorcową dla urządzeń przenośnych.</summary>
      <returns>Wartość logiczna określająca, czy strona wzorcowa została ustawiona.</returns>
      <param name="httpContext">Kontekst HTTP.</param>
      <param name="page">Strona.</param>
    </member>
    <member name="F:Microsoft.AspNet.FriendlyUrls.Resolvers.WebFormsFriendlyUrlResolver.ViewSwitcherCookieName"></member>
  </members>
</doc>